,city,category,Name,lat,lng,points,points-lng-lat,geometry
0,Paris,web design company,"Graphiste Print, Web et Motion Design - Serguei Tchepik",48.89055393065069,2.3392832279205322,"{'type': 'Point', 'coordinates': [48.89055393065069, 2.3392832279205322]}","{'type': 'Point', 'coordinates': [2.3392832279205322, 48.89055393065069]}",POINT (2.339283227920532 48.89055393065069)
1,Paris,web design company,Laurane Torrijos • Graphiste • Designer Graphique & Web,48.88689971942319,2.3412466049194336,"{'type': 'Point', 'coordinates': [48.88689971942319, 2.3412466049194336]}","{'type': 'Point', 'coordinates': [2.3412466049194336, 48.88689971942319]}",POINT (2.341246604919434 48.88689971942319)
2,Paris,starbucks,Starbucks,48.87537450706946,2.323629856109619,"{'type': 'Point', 'coordinates': [48.87537450706946, 2.323629856109619]}","{'type': 'Point', 'coordinates': [2.323629856109619, 48.87537450706946]}",POINT (2.323629856109619 48.87537450706946)
3,Paris,starbucks,Starbucks,48.87142632601174,2.3043715953826904,"{'type': 'Point', 'coordinates': [48.87142632601174, 2.3043715953826904]}","{'type': 'Point', 'coordinates': [2.3043715953826904, 48.87142632601174]}",POINT (2.30437159538269 48.87142632601174)
4,Paris,starbucks,Starbucks,48.87462087092641,2.3210504834301897,"{'type': 'Point', 'coordinates': [48.87462087092641, 2.3210504834301897]}","{'type': 'Point', 'coordinates': [2.3210504834301897, 48.87462087092641]}",POINT (2.32105048343019 48.87462087092641)
5,Paris,starbucks,Starbucks,48.870636299581186,2.3335862159729004,"{'type': 'Point', 'coordinates': [48.870636299581186, 2.3335862159729004]}","{'type': 'Point', 'coordinates': [2.3335862159729004, 48.870636299581186]}",POINT (2.3335862159729 48.87063629958119)
6,Paris,starbucks,Starbucks,48.87637514186802,2.3267678630713697,"{'type': 'Point', 'coordinates': [48.87637514186802, 2.3267678630713697]}","{'type': 'Point', 'coordinates': [2.3267678630713697, 48.87637514186802]}",POINT (2.32676786307137 48.87637514186802)
7,Paris,starbucks,Starbucks,48.87011725350605,2.327781915664673,"{'type': 'Point', 'coordinates': [48.87011725350605, 2.327781915664673]}","{'type': 'Point', 'coordinates': [2.327781915664673, 48.87011725350605]}",POINT (2.327781915664673 48.87011725350605)
8,Paris,starbucks,Starbucks,48.87294177283379,2.3347583413124084,"{'type': 'Point', 'coordinates': [48.87294177283379, 2.3347583413124084]}","{'type': 'Point', 'coordinates': [2.3347583413124084, 48.87294177283379]}",POINT (2.334758341312408 48.87294177283379)
9,Paris,starbucks,Starbucks,48.86731904028564,2.3340073227882385,"{'type': 'Point', 'coordinates': [48.86731904028564, 2.3340073227882385]}","{'type': 'Point', 'coordinates': [2.3340073227882385, 48.86731904028564]}",POINT (2.334007322788239 48.86731904028564)
10,Paris,starbucks,Starbucks,48.87328343430814,2.3099236711828905,"{'type': 'Point', 'coordinates': [48.87328343430814, 2.3099236711828905]}","{'type': 'Point', 'coordinates': [2.3099236711828905, 48.87328343430814]}",POINT (2.309923671182891 48.87328343430814)
11,Paris,starbucks,Starbucks Coffee - niveau quai,48.876258,2.325292,"{'type': 'Point', 'coordinates': [48.876258, 2.325292]}","{'type': 'Point', 'coordinates': [2.325292, 48.876258]}",POINT (2.325292 48.876258)
12,Paris,starbucks,Starbucks Coffee - niveau métro,48.876258,2.325292,"{'type': 'Point', 'coordinates': [48.876258, 2.325292]}","{'type': 'Point', 'coordinates': [2.325292, 48.876258]}",POINT (2.325292 48.876258)
13,Paris,starbucks,Starbucks,48.876681,2.326905,"{'type': 'Point', 'coordinates': [48.876681, 2.326905]}","{'type': 'Point', 'coordinates': [2.326905, 48.876681]}",POINT (2.326905 48.876681)
14,Paris,starbucks,Starbucks,48.875322923964795,2.327172057031885,"{'type': 'Point', 'coordinates': [48.875322923964795, 2.327172057031885]}","{'type': 'Point', 'coordinates': [2.327172057031885, 48.875322923964795]}",POINT (2.327172057031885 48.8753229239648)
15,Paris,starbucks,Starbucks,48.86343198132279,2.334173619747162,"{'type': 'Point', 'coordinates': [48.86343198132279, 2.334173619747162]}","{'type': 'Point', 'coordinates': [2.334173619747162, 48.86343198132279]}",POINT (2.334173619747162 48.86343198132279)
16,Paris,starbucks,Starbucks,48.874238,2.331868,"{'type': 'Point', 'coordinates': [48.874238, 2.331868]}","{'type': 'Point', 'coordinates': [2.331868, 48.874238]}",POINT (2.331868 48.874238)
17,Paris,starbucks,Starbucks,48.87616,2.29651,"{'type': 'Point', 'coordinates': [48.87616, 2.29651]}","{'type': 'Point', 'coordinates': [2.29651, 48.87616]}",POINT (2.29651 48.87616)
18,Paris,starbucks,Starbucks,48.87422702764881,2.331617851858487,"{'type': 'Point', 'coordinates': [48.87422702764881, 2.331617851858487]}","{'type': 'Point', 'coordinates': [2.331617851858487, 48.87422702764881]}",POINT (2.331617851858487 48.87422702764881)
19,Paris,starbucks,Starbucks,48.87349174830403,2.332004879568136,"{'type': 'Point', 'coordinates': [48.87349174830403, 2.332004879568136]}","{'type': 'Point', 'coordinates': [2.332004879568136, 48.87349174830403]}",POINT (2.332004879568136 48.87349174830403)
20,Paris,starbucks,Starbucks,48.87086493289484,2.34701999607787,"{'type': 'Point', 'coordinates': [48.87086493289484, 2.34701999607787]}","{'type': 'Point', 'coordinates': [2.34701999607787, 48.87086493289484]}",POINT (2.34701999607787 48.87086493289484)
21,Paris,starbucks,Starbucks,48.87607846272829,2.34463904968539,"{'type': 'Point', 'coordinates': [48.87607846272829, 2.34463904968539]}","{'type': 'Point', 'coordinates': [2.34463904968539, 48.87607846272829]}",POINT (2.34463904968539 48.87607846272829)
22,Paris,starbucks,Starbucks,48.85943355462305,2.3059842684391403,"{'type': 'Point', 'coordinates': [48.85943355462305, 2.3059842684391403]}","{'type': 'Point', 'coordinates': [2.3059842684391403, 48.85943355462305]}",POINT (2.30598426843914 48.85943355462305)
23,Paris,starbucks,Starbucks,48.886857,2.340592,"{'type': 'Point', 'coordinates': [48.886857, 2.340592]}","{'type': 'Point', 'coordinates': [2.340592, 48.886857]}",POINT (2.340592 48.886857)
24,Paris,starbucks,Starbucks,48.87625873700749,2.3258714546250028,"{'type': 'Point', 'coordinates': [48.87625873700749, 2.3258714546250028]}","{'type': 'Point', 'coordinates': [2.3258714546250028, 48.87625873700749]}",POINT (2.325871454625003 48.87625873700749)
25,Paris,starbucks,Starbucks,48.8614152859683,2.334155357506821,"{'type': 'Point', 'coordinates': [48.8614152859683, 2.334155357506821]}","{'type': 'Point', 'coordinates': [2.334155357506821, 48.8614152859683]}",POINT (2.334155357506821 48.8614152859683)
26,Paris,starbucks,Starbucks France,48.8699157484125,2.344443669530287,"{'type': 'Point', 'coordinates': [48.8699157484125, 2.344443669530287]}","{'type': 'Point', 'coordinates': [2.344443669530287, 48.8699157484125]}",POINT (2.344443669530287 48.8699157484125)
27,Paris,starbucks,Starbucks,48.862286802882224,2.344508171081543,"{'type': 'Point', 'coordinates': [48.862286802882224, 2.344508171081543]}","{'type': 'Point', 'coordinates': [2.344508171081543, 48.862286802882224]}",POINT (2.344508171081543 48.86228680288222)
28,Paris,starbucks,Starbucks,48.8672289608249,2.3471803218126297,"{'type': 'Point', 'coordinates': [48.8672289608249, 2.3471803218126297]}","{'type': 'Point', 'coordinates': [2.3471803218126297, 48.8672289608249]}",POINT (2.34718032181263 48.8672289608249)
29,Paris,starbucks,Starbucks,48.883562725714086,2.3320841789245605,"{'type': 'Point', 'coordinates': [48.883562725714086, 2.3320841789245605]}","{'type': 'Point', 'coordinates': [2.3320841789245605, 48.883562725714086]}",POINT (2.332084178924561 48.88356272571409)
30,Paris,starbucks,Starbucks,48.87258,2.304283,"{'type': 'Point', 'coordinates': [48.87258, 2.304283]}","{'type': 'Point', 'coordinates': [2.304283, 48.87258]}",POINT (2.304283 48.87258)
31,Paris,starbucks,Starbucks,48.87205438637627,2.340742349624634,"{'type': 'Point', 'coordinates': [48.87205438637627, 2.340742349624634]}","{'type': 'Point', 'coordinates': [2.340742349624634, 48.87205438637627]}",POINT (2.340742349624634 48.87205438637627)
32,Paris,starbucks,Starbucks,48.86108144666417,2.3357267096127337,"{'type': 'Point', 'coordinates': [48.86108144666417, 2.3357267096127337]}","{'type': 'Point', 'coordinates': [2.3357267096127337, 48.86108144666417]}",POINT (2.335726709612734 48.86108144666417)
33,Paris,starbucks,La Croissanterie - niveau quai,48.876258,2.325292,"{'type': 'Point', 'coordinates': [48.876258, 2.325292]}","{'type': 'Point', 'coordinates': [2.325292, 48.876258]}",POINT (2.325292 48.876258)
34,Paris,starbucks,Naked,48.876258,2.325292,"{'type': 'Point', 'coordinates': [48.876258, 2.325292]}","{'type': 'Point', 'coordinates': [2.325292, 48.876258]}",POINT (2.325292 48.876258)
35,Paris,bars,Buddha-Bar Spa,48.869421,2.320564,"{'type': 'Point', 'coordinates': [48.869421, 2.320564]}","{'type': 'Point', 'coordinates': [2.320564, 48.869421]}",POINT (2.320564 48.869421)
36,Paris,bars,Le Bar Sur Le Toit,48.881912,2.339288,"{'type': 'Point', 'coordinates': [48.881912, 2.339288]}","{'type': 'Point', 'coordinates': [2.339288, 48.881912]}",POINT (2.339288 48.881912)
37,Paris,bars,BAR SALLE,48.864655,2.340457,"{'type': 'Point', 'coordinates': [48.864655, 2.340457]}","{'type': 'Point', 'coordinates': [2.340457, 48.864655]}",POINT (2.340457 48.864655)
38,Paris,bars,Bar Signature,48.85689435297181,2.327318080574825,"{'type': 'Point', 'coordinates': [48.85689435297181, 2.327318080574825]}","{'type': 'Point', 'coordinates': [2.327318080574825, 48.85689435297181]}",POINT (2.327318080574825 48.85689435297181)
39,Paris,bars,27 rue André Barsacq,48.885601742962365,2.3393799781836435,"{'type': 'Point', 'coordinates': [48.885601742962365, 2.3393799781836435]}","{'type': 'Point', 'coordinates': [2.3393799781836435, 48.885601742962365]}",POINT (2.339379978183644 48.88560174296236)
40,Paris,bars,ETS LEON BAR SECURITE - Point Fort Fichet  Metz,48.871631,2.355218,"{'type': 'Point', 'coordinates': [48.871631, 2.355218]}","{'type': 'Point', 'coordinates': [2.355218, 48.871631]}",POINT (2.355218 48.871631)
41,Paris,train station,Gare SNCF de Paris Saint-Lazare,48.87671166665712,2.3250675201416016,"{'type': 'Point', 'coordinates': [48.87671166665712, 2.3250675201416016]}","{'type': 'Point', 'coordinates': [2.3250675201416016, 48.87671166665712]}",POINT (2.325067520141602 48.87671166665712)
42,Paris,train station,Train Nomad Paris > Le Havre,48.877026,2.3244913,"{'type': 'Point', 'coordinates': [48.877026, 2.3244913]}","{'type': 'Point', 'coordinates': [2.3244913, 48.877026]}",POINT (2.3244913 48.877026)
43,Paris,train station,Train 13105 Saint-Lazare - Vernon 10:30,48.87625,2.32551,"{'type': 'Point', 'coordinates': [48.87625, 2.32551]}","{'type': 'Point', 'coordinates': [2.32551, 48.87625]}",POINT (2.32551 48.87625)
44,Paris,train station,Train 3131 Paris - Le Havre,48.87752,2.324842,"{'type': 'Point', 'coordinates': [48.87752, 2.324842]}","{'type': 'Point', 'coordinates': [2.324842, 48.87752]}",POINT (2.324842 48.87752)
45,Paris,train station,Train 850005 St Lazare - Vernon 10h45,48.876747,2.325314,"{'type': 'Point', 'coordinates': [48.876747, 2.325314]}","{'type': 'Point', 'coordinates': [2.325314, 48.876747]}",POINT (2.325314 48.876747)
46,Paris,train station,Autolib' Station,48.875489337934,2.3189815878868103,"{'type': 'Point', 'coordinates': [48.875489337934, 2.3189815878868103]}","{'type': 'Point', 'coordinates': [2.3189815878868103, 48.875489337934]}",POINT (2.31898158788681 48.875489337934)
47,Paris,train station,Autolib' Station,48.86714260293412,2.3206043243408203,"{'type': 'Point', 'coordinates': [48.86714260293412, 2.3206043243408203]}","{'type': 'Point', 'coordinates': [2.3206043243408203, 48.86714260293412]}",POINT (2.32060432434082 48.86714260293412)
48,Paris,train station,Trainline EU,48.875326087058966,2.3371633401903553,"{'type': 'Point', 'coordinates': [48.875326087058966, 2.3371633401903553]}","{'type': 'Point', 'coordinates': [2.3371633401903553, 48.875326087058966]}",POINT (2.337163340190355 48.87532608705897)
49,Paris,train station,Autolib Station,48.872683,2.319492,"{'type': 'Point', 'coordinates': [48.872683, 2.319492]}","{'type': 'Point', 'coordinates': [2.319492, 48.872683]}",POINT (2.319492 48.872683)
50,Paris,train station,Boutique Orange - Photo Station,48.874004,2.317052,"{'type': 'Point', 'coordinates': [48.874004, 2.317052]}","{'type': 'Point', 'coordinates': [2.317052, 48.874004]}",POINT (2.317052 48.874004)
51,Paris,train station,Autolib' Station,48.87390323741281,2.3258185386657715,"{'type': 'Point', 'coordinates': [48.87390323741281, 2.3258185386657715]}","{'type': 'Point', 'coordinates': [2.3258185386657715, 48.87390323741281]}",POINT (2.325818538665771 48.87390323741281)
52,Paris,train station,Taxis Station Madeleine,48.87055,2.32284,"{'type': 'Point', 'coordinates': [48.87055, 2.32284]}","{'type': 'Point', 'coordinates': [2.32284, 48.87055]}",POINT (2.32284 48.87055)
53,Paris,train station,Autolib' Station,48.872068500001745,2.3258614540100098,"{'type': 'Point', 'coordinates': [48.872068500001745, 2.3258614540100098]}","{'type': 'Point', 'coordinates': [2.3258614540100098, 48.872068500001745]}",POINT (2.32586145401001 48.87206850000175)
54,Paris,train station,Autolib' Station,48.87072768780425,2.3225784301757812,"{'type': 'Point', 'coordinates': [48.87072768780425, 2.3225784301757812]}","{'type': 'Point', 'coordinates': [2.3225784301757812, 48.87072768780425]}",POINT (2.322578430175781 48.87072768780425)
55,Paris,train station,Autolib' Station,48.875991933484315,2.3141026496887207,"{'type': 'Point', 'coordinates': [48.875991933484315, 2.3141026496887207]}","{'type': 'Point', 'coordinates': [2.3141026496887207, 48.875991933484315]}",POINT (2.314102649688721 48.87599193348431)
56,Paris,train station,Autolib' Station,48.879618718790276,2.3215484619140625,"{'type': 'Point', 'coordinates': [48.879618718790276, 2.3215484619140625]}","{'type': 'Point', 'coordinates': [2.3215484619140625, 48.879618718790276]}",POINT (2.321548461914062 48.87961871879028)
57,Paris,train station,Autolib' Station,48.8682247931461,2.323201501304057,"{'type': 'Point', 'coordinates': [48.8682247931461, 2.323201501304057]}","{'type': 'Point', 'coordinates': [2.323201501304057, 48.8682247931461]}",POINT (2.323201501304057 48.8682247931461)
58,Paris,train station,Victoria Station,48.87167753493195,2.341911158563722,"{'type': 'Point', 'coordinates': [48.87167753493195, 2.341911158563722]}","{'type': 'Point', 'coordinates': [2.341911158563722, 48.87167753493195]}",POINT (2.341911158563722 48.87167753493195)
59,Paris,train station,Autolib' Station,48.87198381818916,2.3130083084106445,"{'type': 'Point', 'coordinates': [48.87198381818916, 2.3130083084106445]}","{'type': 'Point', 'coordinates': [2.3130083084106445, 48.87198381818916]}",POINT (2.313008308410645 48.87198381818916)
60,Paris,train station,Autolib' Station,48.869882910972386,2.32694560499729,"{'type': 'Point', 'coordinates': [48.869882910972386, 2.32694560499729]}","{'type': 'Point', 'coordinates': [2.32694560499729, 48.869882910972386]}",POINT (2.32694560499729 48.86988291097239)
61,Paris,train station,Autolib' Station,48.8796469417693,2.3265480995178223,"{'type': 'Point', 'coordinates': [48.8796469417693, 2.3265480995178223]}","{'type': 'Point', 'coordinates': [2.3265480995178223, 48.8796469417693]}",POINT (2.326548099517822 48.8796469417693)
62,Paris,train station,Autolib' Station,48.88136851337537,2.3206257820129395,"{'type': 'Point', 'coordinates': [48.88136851337537, 2.3206257820129395]}","{'type': 'Point', 'coordinates': [2.3206257820129395, 48.88136851337537]}",POINT (2.320625782012939 48.88136851337537)
63,Paris,train station,Autolib' Station (Boutique),48.87123578928628,2.3291015625,"{'type': 'Point', 'coordinates': [48.87123578928628, 2.3291015625]}","{'type': 'Point', 'coordinates': [2.3291015625, 48.87123578928628]}",POINT (2.3291015625 48.87123578928628)
64,Paris,train station,Autolib' Station,48.87682456503877,2.330260276794433,"{'type': 'Point', 'coordinates': [48.87682456503877, 2.330260276794433]}","{'type': 'Point', 'coordinates': [2.330260276794433, 48.87682456503877]}",POINT (2.330260276794433 48.87682456503877)
65,Paris,train station,Station Leclerc,48.8933738083136,2.3029341227449573,"{'type': 'Point', 'coordinates': [48.8933738083136, 2.3029341227449573]}","{'type': 'Point', 'coordinates': [2.3029341227449573, 48.8933738083136]}",POINT (2.302934122744957 48.8933738083136)
66,Paris,train station,Autolib'Station,48.87384678495731,2.3425233364105225,"{'type': 'Point', 'coordinates': [48.87384678495731, 2.3425233364105225]}","{'type': 'Point', 'coordinates': [2.3425233364105225, 48.87384678495731]}",POINT (2.342523336410522 48.87384678495731)
67,Paris,train station,Autolib' Station,48.87778419099506,2.3109376430511475,"{'type': 'Point', 'coordinates': [48.87778419099506, 2.3109376430511475]}","{'type': 'Point', 'coordinates': [2.3109376430511475, 48.87778419099506]}",POINT (2.310937643051147 48.87778419099506)
68,Paris,train station,Autolib' Station,48.87530041538759,2.3324060440063477,"{'type': 'Point', 'coordinates': [48.87530041538759, 2.3324060440063477]}","{'type': 'Point', 'coordinates': [2.3324060440063477, 48.87530041538759]}",POINT (2.332406044006348 48.87530041538759)
69,Paris,train station,Autolib' Station,48.881707176224424,2.3172783851623535,"{'type': 'Point', 'coordinates': [48.881707176224424, 2.3172783851623535]}","{'type': 'Point', 'coordinates': [2.3172783851623535, 48.881707176224424]}",POINT (2.317278385162354 48.88170717622442)
70,Paris,train station,Autolib' Station,48.8699655259064,2.311978340148926,"{'type': 'Point', 'coordinates': [48.8699655259064, 2.311978340148926]}","{'type': 'Point', 'coordinates': [2.311978340148926, 48.8699655259064]}",POINT (2.311978340148926 48.8699655259064)
71,Paris,train station,Autolib' Station,48.87307055723444,2.3096179962158203,"{'type': 'Point', 'coordinates': [48.87307055723444, 2.3096179962158203]}","{'type': 'Point', 'coordinates': [2.3096179962158203, 48.87307055723444]}",POINT (2.30961799621582 48.87307055723444)
72,Paris,train station,Autolib' Station,48.88045834560565,2.328382730484009,"{'type': 'Point', 'coordinates': [48.88045834560565, 2.328382730484009]}","{'type': 'Point', 'coordinates': [2.328382730484009, 48.88045834560565]}",POINT (2.328382730484009 48.88045834560565)
73,Paris,train station,Autolib' Station,48.88009850726778,2.313201427459717,"{'type': 'Point', 'coordinates': [48.88009850726778, 2.313201427459717]}","{'type': 'Point', 'coordinates': [2.313201427459717, 48.88009850726778]}",POINT (2.313201427459717 48.88009850726778)
74,Paris,train station,TOTAL • Station Service,48.8732430604541,2.3355837305746743,"{'type': 'Point', 'coordinates': [48.8732430604541, 2.3355837305746743]}","{'type': 'Point', 'coordinates': [2.3355837305746743, 48.8732430604541]}",POINT (2.335583730574674 48.8732430604541)
75,Paris,train station,Autolib' Station,48.866789726364736,2.316012382507324,"{'type': 'Point', 'coordinates': [48.866789726364736, 2.316012382507324]}","{'type': 'Point', 'coordinates': [2.316012382507324, 48.866789726364736]}",POINT (2.316012382507324 48.86678972636474)
76,Paris,train station,Autolib' Station,48.87280945974811,2.3080945014953613,"{'type': 'Point', 'coordinates': [48.87280945974811, 2.3080945014953613]}","{'type': 'Point', 'coordinates': [2.3080945014953613, 48.87280945974811]}",POINT (2.308094501495361 48.87280945974811)
77,Paris,train station,Autolib' Station,48.86998634437711,2.332046627998352,"{'type': 'Point', 'coordinates': [48.86998634437711, 2.332046627998352]}","{'type': 'Point', 'coordinates': [2.332046627998352, 48.86998634437711]}",POINT (2.332046627998352 48.86998634437711)
78,Paris,train station,Station de Taxi Opéra,48.87055831949693,2.332674264907837,"{'type': 'Point', 'coordinates': [48.87055831949693, 2.332674264907837]}","{'type': 'Point', 'coordinates': [2.332674264907837, 48.87055831949693]}",POINT (2.332674264907837 48.87055831949693)
79,Paris,train station,Station Souvenirs,48.86622,2.324776,"{'type': 'Point', 'coordinates': [48.86622, 2.324776]}","{'type': 'Point', 'coordinates': [2.324776, 48.86622]}",POINT (2.324776 48.86622)
80,Paris,train station,Autolib' Station,48.871673316983355,2.333800792694092,"{'type': 'Point', 'coordinates': [48.871673316983355, 2.333800792694092]}","{'type': 'Point', 'coordinates': [2.333800792694092, 48.871673316983355]}",POINT (2.333800792694092 48.87167331698335)
81,Paris,train station,Autolib' Station,48.8829206992692,2.3258614540100098,"{'type': 'Point', 'coordinates': [48.8829206992692, 2.3258614540100098]}","{'type': 'Point', 'coordinates': [2.3258614540100098, 48.8829206992692]}",POINT (2.32586145401001 48.8829206992692)
82,Paris,train station,station belib,48.870823,2.33386,"{'type': 'Point', 'coordinates': [48.870823, 2.33386]}","{'type': 'Point', 'coordinates': [2.33386, 48.870823]}",POINT (2.33386 48.870823)
83,Paris,train station,Autolib' Station,48.880662958407925,2.331676483154297,"{'type': 'Point', 'coordinates': [48.880662958407925, 2.331676483154297]}","{'type': 'Point', 'coordinates': [2.331676483154297, 48.880662958407925]}",POINT (2.331676483154297 48.88066295840792)
84,Paris,train station,Boutique Orange - Photo Station,48.88235027917542,2.3154440914248906,"{'type': 'Point', 'coordinates': [48.88235027917542, 2.3154440914248906]}","{'type': 'Point', 'coordinates': [2.3154440914248906, 48.88235027917542]}",POINT (2.315444091424891 48.88235027917542)
85,Paris,train station,Autolib' Station,48.88062062479337,2.3093175888061523,"{'type': 'Point', 'coordinates': [48.88062062479337, 2.3093175888061523]}","{'type': 'Point', 'coordinates': [2.3093175888061523, 48.88062062479337]}",POINT (2.309317588806152 48.88062062479337)
86,Paris,train station,Autolib' Station,48.873558,2.334911,"{'type': 'Point', 'coordinates': [48.873558, 2.334911]}","{'type': 'Point', 'coordinates': [2.334911, 48.873558]}",POINT (2.334911 48.873558)
87,Paris,train station,Station Essence Clauzel,48.88298246026297,2.323649196194563,"{'type': 'Point', 'coordinates': [48.88298246026297, 2.323649196194563]}","{'type': 'Point', 'coordinates': [2.323649196194563, 48.88298246026297]}",POINT (2.323649196194563 48.88298246026297)
88,Paris,train station,La Station,48.879482681441296,2.325823284713623,"{'type': 'Point', 'coordinates': [48.879482681441296, 2.325823284713623]}","{'type': 'Point', 'coordinates': [2.325823284713623, 48.879482681441296]}",POINT (2.325823284713623 48.8794826814413)
89,Paris,train station,Autolib' Station,48.87467945221621,2.306399345397949,"{'type': 'Point', 'coordinates': [48.87467945221621, 2.306399345397949]}","{'type': 'Point', 'coordinates': [2.306399345397949, 48.87467945221621]}",POINT (2.306399345397949 48.87467945221621)
90,Paris,train station,Autolib' Station,48.87864501626215,2.3347878456115723,"{'type': 'Point', 'coordinates': [48.87864501626215, 2.3347878456115723]}","{'type': 'Point', 'coordinates': [2.3347878456115723, 48.87864501626215]}",POINT (2.334787845611572 48.87864501626215)
91,Paris,vegan restaurant,Jet Set Restaurant,48.872574175214375,2.3023044309986744,"{'type': 'Point', 'coordinates': [48.872574175214375, 2.3023044309986744]}","{'type': 'Point', 'coordinates': [2.3023044309986744, 48.872574175214375]}",POINT (2.302304430998674 48.87257417521437)
92,Paris,vegan restaurant,Le Restaurant,48.871523629739414,2.305503841179002,"{'type': 'Point', 'coordinates': [48.871523629739414, 2.305503841179002]}","{'type': 'Point', 'coordinates': [2.305503841179002, 48.871523629739414]}",POINT (2.305503841179002 48.87152362973941)
93,Paris,vegan restaurant,Restaurant Costes Saint-Honoré,48.866697894503744,2.3278935244036782,"{'type': 'Point', 'coordinates': [48.866697894503744, 2.3278935244036782]}","{'type': 'Point', 'coordinates': [2.3278935244036782, 48.866697894503744]}",POINT (2.327893524403678 48.86669789450374)
94,Paris,vegan restaurant,Le Grand Restaurant - Jean-François Piège,48.87016255088469,2.319207662361622,"{'type': 'Point', 'coordinates': [48.87016255088469, 2.319207662361622]}","{'type': 'Point', 'coordinates': [2.319207662361622, 48.87016255088469]}",POINT (2.319207662361622 48.87016255088469)
95,Paris,vegan restaurant,RESTAURANT LE GAIGNE,48.876242213313986,2.321697260208969,"{'type': 'Point', 'coordinates': [48.876242213313986, 2.321697260208969]}","{'type': 'Point', 'coordinates': [2.321697260208969, 48.876242213313986]}",POINT (2.321697260208969 48.87624221331399)
96,Paris,vegan restaurant,Restaurant Mon Paris !,48.870959,2.329453,"{'type': 'Point', 'coordinates': [48.870959, 2.329453]}","{'type': 'Point', 'coordinates': [2.329453, 48.870959]}",POINT (2.329453 48.870959)
97,Paris,vegan restaurant,BLOSSOM Restaurant,48.86825613273731,2.32133200141223,"{'type': 'Point', 'coordinates': [48.86825613273731, 2.32133200141223]}","{'type': 'Point', 'coordinates': [2.32133200141223, 48.86825613273731]}",POINT (2.32133200141223 48.86825613273731)
98,Paris,vegan restaurant,Restaurant Le Meurice Alain Ducasse,48.86529145109384,2.3280563207176783,"{'type': 'Point', 'coordinates': [48.86529145109384, 2.3280563207176783]}","{'type': 'Point', 'coordinates': [2.3280563207176783, 48.86529145109384]}",POINT (2.328056320717678 48.86529145109384)
99,Paris,vegan restaurant,Vegan Culinary Tours Paris,48.86717240434918,2.347164899110794,"{'type': 'Point', 'coordinates': [48.86717240434918, 2.347164899110794]}","{'type': 'Point', 'coordinates': [2.347164899110794, 48.86717240434918]}",POINT (2.347164899110794 48.86717240434918)
100,Paris,vegan restaurant,Vegan Burger Bar,48.868625,2.350059,"{'type': 'Point', 'coordinates': [48.868625, 2.350059]}","{'type': 'Point', 'coordinates': [2.350059, 48.868625]}",POINT (2.350059 48.868625)
101,Paris,vegan restaurant,B.B. Le Restaurant,48.879107,2.331293,"{'type': 'Point', 'coordinates': [48.879107, 2.331293]}","{'type': 'Point', 'coordinates': [2.331293, 48.879107]}",POINT (2.331293 48.879107)
102,Paris,vegan restaurant,Astor Restaurant,48.87284385056909,2.3192652333944426,"{'type': 'Point', 'coordinates': [48.87284385056909, 2.3192652333944426]}","{'type': 'Point', 'coordinates': [2.3192652333944426, 48.87284385056909]}",POINT (2.319265233394443 48.87284385056909)
103,Paris,vegan restaurant,"Terrass"" Restaurant",48.88660895637064,2.3328955189936096,"{'type': 'Point', 'coordinates': [48.88660895637064, 2.3328955189936096]}","{'type': 'Point', 'coordinates': [2.3328955189936096, 48.88660895637064]}",POINT (2.33289551899361 48.88660895637064)
104,Paris,vegan restaurant,Restaurant Makassar,48.87713898783028,2.297200743009539,"{'type': 'Point', 'coordinates': [48.87713898783028, 2.297200743009539]}","{'type': 'Point', 'coordinates': [2.297200743009539, 48.87713898783028]}",POINT (2.297200743009539 48.87713898783028)
105,Paris,vegan restaurant,Restaurant du Rond-Point,48.867855108603216,2.3106020112244368,"{'type': 'Point', 'coordinates': [48.867855108603216, 2.3106020112244368]}","{'type': 'Point', 'coordinates': [2.3106020112244368, 48.867855108603216]}",POINT (2.310602011224437 48.86785510860322)
106,Paris,vegan restaurant,Restaurant Garnier,48.87553957392922,2.3261579228972384,"{'type': 'Point', 'coordinates': [48.87553957392922, 2.3261579228972384]}","{'type': 'Point', 'coordinates': [2.3261579228972384, 48.87553957392922]}",POINT (2.326157922897238 48.87553957392922)
107,Paris,vegan restaurant,Restaurant Le Joy,48.87100235875571,2.301401048898697,"{'type': 'Point', 'coordinates': [48.87100235875571, 2.301401048898697]}","{'type': 'Point', 'coordinates': [2.301401048898697, 48.87100235875571]}",POINT (2.301401048898697 48.87100235875571)
108,Paris,vegan restaurant,Le Restaurant du Musée d'Orsay,48.86029986248957,2.325392316832362,"{'type': 'Point', 'coordinates': [48.86029986248957, 2.325392316832362]}","{'type': 'Point', 'coordinates': [2.325392316832362, 48.86029986248957]}",POINT (2.325392316832362 48.86029986248957)
109,Paris,vegan restaurant,Restaurant Alain Ducasse,48.866195298642594,2.304214280207475,"{'type': 'Point', 'coordinates': [48.866195298642594, 2.304214280207475]}","{'type': 'Point', 'coordinates': [2.304214280207475, 48.866195298642594]}",POINT (2.304214280207475 48.86619529864259)
110,Paris,vegan restaurant,Hôtel Restaurant Campanile Dreux,48.866294,2.31379,"{'type': 'Point', 'coordinates': [48.866294, 2.31379]}","{'type': 'Point', 'coordinates': [2.31379, 48.866294]}",POINT (2.31379 48.866294)
111,Paris,vegan restaurant,La Cantone - Restaurant d'Entreprise,48.871873,2.335738,"{'type': 'Point', 'coordinates': [48.871873, 2.335738]}","{'type': 'Point', 'coordinates': [2.335738, 48.871873]}",POINT (2.335738 48.871873)
112,Paris,vegan restaurant,Restaurant Coréen,48.867528,2.332523,"{'type': 'Point', 'coordinates': [48.867528, 2.332523]}","{'type': 'Point', 'coordinates': [2.332523, 48.867528]}",POINT (2.332523 48.867528)
113,Paris,vegan restaurant,Le 144 - Restaurant Petrossian,48.861067004866925,2.310233830244872,"{'type': 'Point', 'coordinates': [48.861067004866925, 2.310233830244872]}","{'type': 'Point', 'coordinates': [2.310233830244872, 48.861067004866925]}",POINT (2.310233830244872 48.86106700486692)
114,Paris,vegan restaurant,Restaurant Ayào.阿耀面点,48.87424,2.3350198,"{'type': 'Point', 'coordinates': [48.87424, 2.3350198]}","{'type': 'Point', 'coordinates': [2.3350198, 48.87424]}",POINT (2.3350198 48.87424)
115,Paris,vegan restaurant,Arty Le Restaurant,48.86986472818589,2.3307798379639926,"{'type': 'Point', 'coordinates': [48.86986472818589, 2.3307798379639926]}","{'type': 'Point', 'coordinates': [2.3307798379639926, 48.86986472818589]}",POINT (2.330779837963993 48.86986472818589)
116,Paris,vegan restaurant,Nana - Restaurant - Paris 9ème,48.879702,2.335854,"{'type': 'Point', 'coordinates': [48.879702, 2.335854]}","{'type': 'Point', 'coordinates': [2.335854, 48.879702]}",POINT (2.335854 48.879702)
117,Paris,vegan restaurant,Restaurant Sichuan,48.872789,2.338398,"{'type': 'Point', 'coordinates': [48.872789, 2.338398]}","{'type': 'Point', 'coordinates': [2.338398, 48.872789]}",POINT (2.338398 48.872789)
118,Paris,vegan restaurant,GIE GAM-Restaurant,48.880722928475855,2.314180420236013,"{'type': 'Point', 'coordinates': [48.880722928475855, 2.314180420236013]}","{'type': 'Point', 'coordinates': [2.314180420236013, 48.880722928475855]}",POINT (2.314180420236013 48.88072292847585)
119,Paris,vegan restaurant,Restaurant Vietnam | Banh Mi,48.876861,2.335777,"{'type': 'Point', 'coordinates': [48.876861, 2.335777]}","{'type': 'Point', 'coordinates': [2.335777, 48.876861]}",POINT (2.335777 48.876861)
120,Paris,vegan restaurant,Restaurant & Lounge Bar Le W,48.87211902657388,2.303356684047102,"{'type': 'Point', 'coordinates': [48.87211902657388, 2.303356684047102]}","{'type': 'Point', 'coordinates': [2.303356684047102, 48.87211902657388]}",POINT (2.303356684047102 48.87211902657388)
121,Paris,vegan restaurant,Le Grand Amour Restaurant,48.87456598277865,2.3563213985670255,"{'type': 'Point', 'coordinates': [48.87456598277865, 2.3563213985670255]}","{'type': 'Point', 'coordinates': [2.3563213985670255, 48.87456598277865]}",POINT (2.356321398567025 48.87456598277865)
122,Paris,vegan restaurant,Restaurant Cuisine de l'Asie du Sud-Est,48.87196299970767,2.3236863946718143,"{'type': 'Point', 'coordinates': [48.87196299970767, 2.3236863946718143]}","{'type': 'Point', 'coordinates': [2.3236863946718143, 48.87196299970767]}",POINT (2.323686394671814 48.87196299970767)
123,Paris,vegan restaurant,Restaurant D'entreprise Iliad,48.871648,2.320669,"{'type': 'Point', 'coordinates': [48.871648, 2.320669]}","{'type': 'Point', 'coordinates': [2.320669, 48.871648]}",POINT (2.320669 48.871648)
124,Paris,vegan restaurant,La Donna Restaurant Italien,48.877341,2.31463,"{'type': 'Point', 'coordinates': [48.877341, 2.31463]}","{'type': 'Point', 'coordinates': [2.31463, 48.877341]}",POINT (2.31463 48.877341)
125,Paris,vegan restaurant,Restaurant Le Victoria,48.872195,2.323502,"{'type': 'Point', 'coordinates': [48.872195, 2.323502]}","{'type': 'Point', 'coordinates': [2.323502, 48.872195]}",POINT (2.323502 48.872195)
126,Paris,vegan restaurant,restaurant leon,48.874857,2.325849,"{'type': 'Point', 'coordinates': [48.874857, 2.325849]}","{'type': 'Point', 'coordinates': [2.325849, 48.874857]}",POINT (2.325849 48.874857)
127,Paris,vegan restaurant,NATURALIA Vegan,48.88649,2.31567,"{'type': 'Point', 'coordinates': [48.88649, 2.31567]}","{'type': 'Point', 'coordinates': [2.31567, 48.88649]}",POINT (2.31567 48.88649)
128,Paris,vegan restaurant,Restaurant d'Entreprise,48.86791550563465,2.3337722613183773,"{'type': 'Point', 'coordinates': [48.86791550563465, 2.3337722613183773]}","{'type': 'Point', 'coordinates': [2.3337722613183773, 48.86791550563465]}",POINT (2.333772261318377 48.86791550563465)
129,Paris,vegan restaurant,Elise Restaurant,48.870643101278105,2.3484983090132756,"{'type': 'Point', 'coordinates': [48.870643101278105, 2.3484983090132756]}","{'type': 'Point', 'coordinates': [2.3484983090132756, 48.870643101278105]}",POINT (2.348498309013276 48.87064310127811)
130,Paris,vegan restaurant,Elysées Restaurant,48.873685,2.315893,"{'type': 'Point', 'coordinates': [48.873685, 2.315893]}","{'type': 'Point', 'coordinates': [2.315893, 48.873685]}",POINT (2.315893 48.873685)
131,Paris,vegan restaurant,Naturalia Vegan,48.87384,2.34372,"{'type': 'Point', 'coordinates': [48.87384, 2.34372]}","{'type': 'Point', 'coordinates': [2.34372, 48.87384]}",POINT (2.34372 48.87384)
132,Paris,vegan restaurant,OK restaurant coréen,48.871876,2.3249297,"{'type': 'Point', 'coordinates': [48.871876, 2.3249297]}","{'type': 'Point', 'coordinates': [2.3249297, 48.871876]}",POINT (2.3249297 48.871876)
133,Paris,vegan restaurant,Restaurant La Chine,48.87177862559567,2.3264857937590593,"{'type': 'Point', 'coordinates': [48.87177862559567, 2.3264857937590593]}","{'type': 'Point', 'coordinates': [2.3264857937590593, 48.87177862559567]}",POINT (2.326485793759059 48.87177862559567)
134,Paris,vegan restaurant,Le Restaurant de Sers,48.868301370944025,2.3001528520830585,"{'type': 'Point', 'coordinates': [48.868301370944025, 2.3001528520830585]}","{'type': 'Point', 'coordinates': [2.3001528520830585, 48.868301370944025]}",POINT (2.300152852083059 48.86830137094402)
135,Paris,vegan restaurant,Macéo Restaurant & Bar,48.86627975207454,2.338024115764957,"{'type': 'Point', 'coordinates': [48.86627975207454, 2.338024115764957]}","{'type': 'Point', 'coordinates': [2.338024115764957, 48.86627975207454]}",POINT (2.338024115764957 48.86627975207454)
136,Paris,vegan restaurant,Le Restaurant de L'Hôtel,48.867414,2.301394,"{'type': 'Point', 'coordinates': [48.867414, 2.301394]}","{'type': 'Point', 'coordinates': [2.301394, 48.867414]}",POINT (2.301394 48.867414)
137,Paris,vegan restaurant,A Hot Pot Restaurant 一家,48.87207586291294,2.350661019022023,"{'type': 'Point', 'coordinates': [48.87207586291294, 2.350661019022023]}","{'type': 'Point', 'coordinates': [2.350661019022023, 48.87207586291294]}",POINT (2.350661019022023 48.87207586291294)
138,Paris,vegan restaurant,24 Le Restaurant,48.870710434487364,2.3114377465277087,"{'type': 'Point', 'coordinates': [48.870710434487364, 2.3114377465277087]}","{'type': 'Point', 'coordinates': [2.3114377465277087, 48.870710434487364]}",POINT (2.311437746527709 48.87071043448736)
139,Paris,vegan restaurant,Roy's Pub Restaurant,48.882754541615014,2.3319299519062042,"{'type': 'Point', 'coordinates': [48.882754541615014, 2.3319299519062042]}","{'type': 'Point', 'coordinates': [2.3319299519062042, 48.882754541615014]}",POINT (2.331929951906204 48.88275454161501)
140,Paris,vegan restaurant,Chacha Vegan Street Food,48.881644,2.298055,"{'type': 'Point', 'coordinates': [48.881644, 2.298055]}","{'type': 'Point', 'coordinates': [2.298055, 48.881644]}",POINT (2.298055 48.881644)
